time,IPs
2016-02-27 09:39, 2
2016-02-27 09:40, 3
2016-02-27 09:41, 1
2016-02-27 09:42, 2
2016-02-27 09:43, 3
2016-02-27 09:44, 2
2016-02-27 09:45, 2
2016-02-27 09:47, 2
2016-02-27 09:48, 2
2016-02-27 09:49, 1
2016-02-27 09:50, 2
2016-02-27 09:51, 1
2016-02-27 09:52, 2
2016-02-27 09:53, 3
2016-02-27 09:54, 2
2016-02-27 09:55, 3
2016-02-27 09:56, 2
2016-02-27 09:57, 3
2016-02-27 09:58, 3
2016-02-27 09:59, 1
2016-02-27 10:00, 3
2016-02-27 10:01, 2
2016-02-27 10:02, 4
2016-02-27 10:03, 3
2016-02-27 10:04, 2
2016-02-27 10:05, 3
2016-02-27 10:06, 4
2016-02-27 10:07, 7
2016-02-27 10:08, 6
2016-02-27 10:09, 4
2016-02-27 10:10, 5
2016-02-27 10:11, 4
2016-02-27 10:12, 5
2016-02-27 10:13, 5
2016-02-27 10:14, 4
2016-02-27 10:15, 5
2016-02-27 10:16, 5
2016-02-27 10:17, 5
2016-02-27 10:18, 5
2016-02-27 10:19, 4
2016-02-27 10:20, 5
2016-02-27 10:21, 2
2016-02-27 10:22, 3
2016-02-27 10:23, 4
2016-02-27 10:24, 4
2016-02-27 10:25, 5
2016-02-27 10:26, 4
2016-02-27 10:27, 6
2016-02-27 10:28, 4
2016-02-27 10:29, 3
2016-02-27 10:30, 4
2016-02-27 10:31, 2
2016-02-27 10:32, 3
2016-02-27 10:33, 3
2016-02-27 10:34, 2
2016-02-27 10:35, 3
2016-02-27 10:36, 3
2016-02-27 10:37, 4
2016-02-27 10:38, 3
2016-02-27 10:39, 3
2016-02-27 10:40, 3
2016-02-27 10:41, 2
2016-02-27 10:42, 3
2016-02-27 10:43, 2
2016-02-27 10:44, 2
2016-02-27 10:45, 2
2016-02-27 10:46, 3
2016-02-27 10:47, 4
2016-02-27 10:48, 4
2016-02-27 10:49, 3
2016-02-27 10:50, 4
2016-02-27 10:51, 3
2016-02-27 10:52, 3
2016-02-27 10:53, 4
2016-02-27 10:54, 4
2016-02-27 10:55, 3
2016-02-27 10:56, 3
2016-02-27 10:57, 6
2016-02-27 10:58, 3
2016-02-27 10:59, 4
2016-02-27 11:00, 3
2016-02-27 11:01, 2
2016-02-27 11:02, 3
2016-02-27 11:03, 3
2016-02-27 11:04, 2
2016-02-27 11:05, 3
2016-02-27 11:06, 1
2016-02-27 11:07, 4
2016-02-27 11:08, 3
2016-02-27 11:09, 4
2016-02-27 11:10, 4
2016-02-27 11:11, 2
2016-02-27 11:12, 4
2016-02-27 11:13, 2
2016-02-27 11:14, 3
2016-02-27 11:15, 4
2016-02-27 11:16, 2
2016-02-27 11:17, 3
2016-02-27 11:18, 4
2016-02-27 11:19, 3
2016-02-27 11:20, 3
2016-02-27 11:21, 2
2016-02-27 11:22, 3
2016-02-27 11:23, 4
2016-02-27 11:24, 3
2016-02-27 11:25, 3
2016-02-27 11:26, 3
2016-02-27 11:27, 3
2016-02-27 11:28, 4
2016-02-27 11:29, 3
2016-02-27 11:30, 3
2016-02-27 11:31, 3
2016-02-27 11:32, 2
2016-02-27 11:33, 3
2016-02-27 11:34, 2
2016-02-27 11:35, 2
2016-02-27 11:36, 2
2016-02-27 11:37, 2
2016-02-27 11:38, 3
2016-02-27 11:39, 2
2016-02-27 11:40, 2
2016-02-27 11:41, 2
2016-02-27 11:42, 3
2016-02-27 11:43, 3
2016-02-27 11:44, 3
2016-02-27 11:45, 3
2016-02-27 11:46, 2
2016-02-27 11:47, 2
2016-02-27 11:48, 2
2016-02-27 11:49, 1
2016-02-27 11:50, 2
2016-02-27 11:51, 1
2016-02-27 11:52, 2
2016-02-27 11:53, 3
2016-02-27 11:54, 3
2016-02-27 11:55, 6
2016-02-27 11:56, 4
2016-02-27 11:57, 4
2016-02-27 11:58, 3
2016-02-27 11:59, 2
2016-02-27 12:00, 5
2016-02-27 12:01, 3
2016-02-27 12:02, 5
2016-02-27 12:03, 3
2016-02-27 12:04, 5
2016-02-27 12:05, 5
2016-02-27 12:06, 5
2016-02-27 12:07, 6
2016-02-27 12:08, 5
2016-02-27 12:09, 5
2016-02-27 12:10, 7
2016-02-27 12:11, 7
2016-02-27 12:12, 8
2016-02-27 12:13, 9
2016-02-27 12:14, 6
2016-02-27 12:15, 7
2016-02-27 12:16, 7
2016-02-27 12:17, 7
2016-02-27 12:18, 6
2016-02-27 12:19, 4
2016-02-27 12:20, 6
2016-02-27 12:21, 2
2016-02-27 12:22, 2
2016-02-27 12:23, 3
2016-02-27 12:24, 1
2016-02-27 12:25, 3
2016-02-27 12:26, 1
2016-02-27 12:27, 1
2016-02-27 12:28, 1
2016-02-27 12:29, 1
2016-02-27 12:30, 3
2016-02-27 12:31, 2
2016-02-27 12:32, 3
2016-02-27 12:33, 2
2016-02-27 12:34, 2
2016-02-27 12:35, 6
2016-02-27 12:36, 3
2016-02-27 12:37, 5
2016-02-27 12:38, 4
2016-02-27 12:39, 7
2016-02-27 12:40, 5
2016-02-27 12:41, 6
2016-02-27 12:42, 5
2016-02-27 12:43, 5
2016-02-27 12:44, 5
2016-02-27 12:45, 3
2016-02-27 12:46, 5
2016-02-27 12:47, 4
2016-02-27 12:48, 4
2016-02-27 12:49, 3
2016-02-27 12:50, 1
2016-02-27 12:51, 4
2016-02-27 12:52, 2
2016-02-27 12:53, 2
2016-02-27 12:54, 2
2016-02-27 12:55, 5
2016-02-27 12:56, 4
2016-02-27 12:57, 2
2016-02-27 12:58, 3
2016-02-27 12:59, 1
2016-02-27 13:00, 3
2016-02-27 13:01, 2
2016-02-27 13:02, 1
2016-02-27 13:03, 2
2016-02-27 13:04, 1
2016-02-27 13:05, 2
2016-02-27 13:06, 1
2016-02-27 13:08, 1
2016-02-27 13:10, 1
2016-02-27 13:11, 1
2016-02-27 13:13, 3
2016-02-27 13:14, 2
2016-02-27 13:15, 2
2016-02-27 13:16, 1
2016-02-27 13:18, 1
2016-02-27 13:20, 1
2016-02-27 13:21, 1
2016-02-27 13:23, 1
2016-02-27 13:25, 1
2016-02-27 13:26, 2
2016-02-27 13:27, 1
2016-02-27 13:28, 1
2016-02-27 13:30, 1
2016-02-27 13:31, 1
2016-02-27 13:33, 1
2016-02-27 13:35, 1
2016-02-27 13:36, 1
2016-02-27 13:38, 1
2016-02-27 13:40, 1
2016-02-27 13:42, 1
2016-02-27 13:43, 2
2016-02-27 13:44, 1
2016-02-27 13:45, 1
2016-02-27 13:47, 1
2016-02-27 14:04, 2
2016-02-27 14:05, 1
2016-02-27 14:07, 1
2016-02-27 14:08, 1
2016-02-27 14:18, 1
2016-02-27 14:19, 1
2016-02-27 14:20, 1
2016-02-27 14:21, 1
2016-02-27 14:23, 1
2016-02-27 14:25, 1
2016-02-27 14:29, 1
2016-02-27 14:31, 1
2016-02-27 14:33, 1
2016-02-27 14:34, 1
2016-02-27 14:35, 1
2016-02-27 14:36, 2
2016-02-27 14:37, 1
2016-02-27 14:39, 1
2016-02-27 14:41, 1
2016-02-27 14:43, 1
2016-02-27 14:44, 1
2016-02-27 14:46, 1
2016-02-27 14:48, 1
2016-02-27 14:49, 1
2016-02-27 14:51, 1
2016-02-27 14:53, 1
2016-02-27 14:54, 1
2016-02-27 14:56, 1
2016-02-27 14:58, 1
2016-02-27 14:59, 1
2016-02-27 15:00, 1
2016-02-27 15:23, 1
2016-02-27 15:24, 1
2016-02-27 15:25, 1
2016-02-27 15:27, 1
2016-02-27 15:28, 1
2016-02-27 15:30, 1
2016-02-27 15:31, 1
2016-02-27 15:32, 1
2016-02-27 15:33, 1
2016-02-27 15:35, 1
2016-02-27 15:37, 1
2016-02-27 15:38, 1
2016-02-27 15:39, 1
2016-02-27 15:41, 1
2016-02-27 15:42, 1
2016-02-27 15:50, 1
2016-02-27 15:51, 1
2016-02-27 15:53, 1
2016-02-27 15:55, 1
2016-02-27 15:56, 1
2016-02-27 15:58, 1
2016-02-27 15:59, 1
2016-02-27 16:00, 1
2016-02-27 16:01, 1
2016-02-27 16:02, 1
2016-02-27 16:03, 1
2016-02-27 16:05, 1
2016-02-27 16:06, 1
2016-02-27 16:08, 1
2016-02-27 16:10, 1
2016-02-27 16:11, 1
2016-02-27 16:13, 1
2016-02-27 16:15, 1
2016-02-27 16:16, 1
2016-02-27 16:18, 1
2016-02-27 16:20, 2
2016-02-27 16:21, 1
2016-02-27 16:23, 1
2016-02-27 16:25, 1
2016-02-27 16:26, 1
2016-02-27 16:28, 1
2016-02-27 16:30, 1
2016-02-27 16:31, 1
2016-02-27 16:33, 1
2016-02-27 16:35, 1
2016-02-27 16:36, 1
2016-02-27 16:38, 1
2016-02-27 16:40, 1
2016-02-27 16:41, 1
2016-02-27 16:43, 1
2016-02-27 16:45, 1
2016-02-27 16:46, 1
2016-02-27 16:48, 1
2016-02-27 16:50, 1
2016-02-27 16:51, 1
2016-02-27 16:53, 1
2016-02-27 16:55, 1
2016-02-27 16:56, 1
2016-02-27 16:58, 1
2016-02-27 17:00, 1
2016-02-27 17:01, 1
2016-02-27 17:03, 1
2016-02-27 17:05, 1
2016-02-27 17:06, 1
2016-02-27 17:08, 1
2016-02-27 17:10, 1
2016-02-27 17:11, 1
2016-02-27 17:13, 1
2016-02-27 17:15, 1
2016-02-27 17:16, 1
2016-02-27 17:18, 1
2016-02-27 17:20, 1
2016-02-27 17:21, 1
2016-02-27 17:23, 1
2016-02-27 17:53, 1
2016-02-27 17:54, 1
2016-02-27 17:55, 1
2016-02-27 17:56, 3
2016-02-27 17:57, 6
2016-02-27 17:58, 6
2016-02-27 17:59, 5
2016-02-27 18:00, 6
2016-02-27 18:01, 6
2016-02-27 18:02, 5
2016-02-27 18:03, 5
2016-02-27 18:04, 6
2016-02-27 18:05, 5
2016-02-27 18:06, 3
2016-02-27 18:07, 3
2016-02-27 18:08, 4
2016-02-27 18:09, 3
2016-02-27 18:10, 3
2016-02-27 18:11, 3
2016-02-27 18:12, 3
2016-02-27 18:13, 3
2016-02-27 18:14, 4
2016-02-27 18:15, 3
2016-02-27 18:16, 3
2016-02-27 18:17, 4
2016-02-27 18:18, 2
2016-02-27 18:19, 3
2016-02-27 18:20, 3
2016-02-27 18:21, 2
2016-02-27 18:22, 3
2016-02-27 18:23, 2
2016-02-27 18:24, 2
2016-02-27 18:25, 2
2016-02-27 18:26, 2
2016-02-27 18:27, 2
2016-02-27 18:28, 3
2016-02-27 18:29, 3
2016-02-27 18:30, 3
2016-02-27 18:31, 3
2016-02-27 18:32, 3
2016-02-27 18:33, 4
2016-02-27 18:34, 4
2016-02-27 18:35, 3
2016-02-27 18:36, 2
2016-02-27 18:37, 2
2016-02-27 18:38, 2
2016-02-27 18:39, 2
2016-02-27 18:40, 3
2016-02-27 18:41, 3
2016-02-27 18:42, 3
2016-02-27 18:43, 2
2016-02-27 18:44, 3
2016-02-27 18:45, 3
2016-02-27 18:46, 4
2016-02-27 18:47, 2
2016-02-27 18:48, 3
2016-02-27 18:49, 8
2016-02-27 18:50, 7
2016-02-27 18:51, 1
2016-02-27 18:52, 2
2016-02-27 18:53, 4
2016-02-27 18:54, 3
2016-02-27 18:55, 5
2016-02-27 18:56, 2
2016-02-27 18:57, 2
2016-02-27 18:58, 2
2016-02-27 18:59, 2
2016-02-27 19:00, 3
2016-02-27 19:01, 3
2016-02-27 19:02, 3
2016-02-27 19:03, 3
