combo,puts
92e39dc6bb52b8c347b9e15c86c030cf, 940
d8e243bea45270e5e60bfb7c0a69bf77, 833
c8ffdbdb3f4bec623628a042f369be2d, 611
b3e6e82bfe434d6187e7979ac6dad77d, 589
a6021c820e9571c206ab5dd1acc39c7f, 576
fbcbeb2fb36a2423f7719696e17d5b51, 574
1723bffc66460def144c9ef7ff692a02, 572
93c7224dec8ebbd0be3c12d694b35a61, 558
4e11c77eb5ab9135aac9ca2b77d1004e, 550
17990ec98ca1e444cc4d646230c4f6bf, 550
379353115b095d62a543c1284f104927, 543
f4d69a32c5fbc869be015563ba7f81b0, 534
40079261c37ac5ddcb106b51f1725823, 524
7eeae5852f865cb2b6a883e1ed2e2764, 519
b97a84fd350fb3184b640048df446242, 518
5e7d6cbba26c661812b94686f9abeba6, 503
1a1c3b57aa2e9932d33efbf8d54b3c54, 492
d4d8bae86fcb6575d0a3817efeb14b49, 486
92bc0440730fffee806d18e5425aecd6, 483
243d9741c7eed43b1e2952adbb449989, 478
7cbccd4e90dc14feeadd3e556067a790, 446
6e8b6d60e8372982457d2806ba6a49d8, 441
a039fdd4504ee39b8e2eab72f1b2e00d, 439
f905383ff01b3a91b73aa623ddda6279, 419
eaa8000b118d8807135b0eb7d5a0fac6, 415
721b8a9aa9e22262a8aacfb5f4146de7, 413
a7e3e5da54e680ba61bb1fb8347e5272, 401
79b00f0fbbc11ad4da92ff4ba6f8b58a, 388
8082c5590752ff8d35baae75b71b42a5, 383
e8c26aeebfb7daeadff81fe0c6e979bf, 382
20edab123cbf3a703d495eeddb9aa269, 375
3919d2286ebbf3aa5568b03513df7c50, 373
e7db1512bcb9514522ae24c7279a9cb6, 373
bcfdb068722b35e0eff66b3eb57c4d2f, 369
19de440e13bfa4171f7029756d57c24a, 367
b810f62f282ae71f1343c3c97e4a1a50, 366
303005d9795c3bf8f965b3a16cbd9cd9, 362
158de64a2b655d5fe3934f46015b2d68, 359
961dbb7eb7aad490274ac41a691c1369, 358
1870b0af0153892a11255f24e96d7a32, 343
8e4baa084ef95e29ed861cad3e72e089, 341
d04e699e11366705a7dfb1d2b752ef39, 334
71652f22cc44770c06268c47b51971ff, 333
ae3bd2f5aa8f3803ea411e0c62c8a17b, 329
562ef6e0ffaf1b5a2e69089b1af537a1, 328
baa29a0082d5a3983142408d67f3534f, 311
e9ed54f66ff18c76cf8a6e3f4730135f, 311
1c52a3bdf094428e4a824f3cad9a1022, 308
de2d26b78e278c512f8293491649880a, 303
f96c6eda1ed47b4837205d74ac33c326, 298
fec23127171cffddc0305e3b8a20430a, 297
55ebbc745daafb80c216f12a9b2e71c7, 297
43d25a9701a9ec649121bd30f49ee498, 287
0c0a8c390719e9f5e0bc62eb3d8805aa, 285
9bc947b05bd464c93a9df09bb40fc992, 280
cb1843d7a664c59dcb31370095817446, 278
6232eb6f465b2bd6fdd8631fddf453d8, 272
94ccc0b84abe06b58669d26e51a59bd6, 264
d93d85057f2bc8b0e6b9ee1719d58ad5, 262
8fada52cef9a41815d57031190d3d1b7, 258
0f52e4c7a9e04c2b2fdb0e90e7ec3c73, 258
df2c01d8f3b2f2682e54647f4e040476, 253
b6556e30dc56e0fe56e4499ae0ab055f, 251
d349c1a9c94ccbf584ae62eb7e42ef1c, 251
cc1881d595437599040a3278dc28cb9e, 251
b4021785f276eccae5d442fd3779d5f6, 249
aa3ab11db1ab68f9131e116c2899ffb3, 248
6de35ea619ce5f314044e8815f61ba36, 247
ef4c91746e3b8a1133a14168b81c25f4, 244
a098ce92ec3a0269ff6bf5477436bd4c, 238
b03754b434c1a2dcc2284a93333b352a, 238
2e6829acd89743dd3490068ffaaa48a4, 237
152e87d04ea1c876b502afd00bda0e50, 237
ae570ca90b18bbaec5b5003d9ec32c76, 235
ef9e81495471c5cfc86a684e8c10a389, 233
00dc67c78ea7500571a3f9d5ec033788, 231
732d071e3d3b7be642f5c1bb3ae97c09, 229
98f4be2e795911152b43f89d3a35e189, 227
ef797dd180cbc38b4f6a0ecb0bdf6fe1, 225
cdedbb80a8b657a75de684be43a11db0, 225
91c29ff2d23aea8f4b19a7db95c132c9, 219
91b9bbb7f0ae93f4bcc9ab7c7e9078f2, 218
f5c2158302bdd70fef45b4944f9f5161, 217
86bfab62a725b94840d8ffcb3054937f, 216
296f1910507d89b37d2758832730eb87, 216
c8af6d015399b1edd191cce054de01aa, 214
1c310b907a21da0c19e7e0a495cce500, 212
b5316aabc56f299159344d37d1da887d, 211
ed98c2e9a1bb727384166ba9a25d749c, 211
f8ec48b0559162ae5450375b3d3e641c, 209
1a7727f8b28ac1adbb568813ceb58666, 208
c23c7f8074acda6c77741b4472305310, 208
049e5ddef51377aaf5e4357da76f5181, 206
a9f50faec261175a9619e5325099f3da, 205
afccc6b2fa5588e6269f9f4539bd976f, 202
8a5d7ed08e87a161315cf2bf05a86f22, 201
aafc83c1abd3454e5ab32e9002b054e0, 197
5f00393cd5e5c275cdd71b7f3b7117b4, 197
9dde55957cad653258ca5e26e57a8dd3, 196
158acec11d4596185bf04b75416a8bf9, 195
1f4cdf8f5c55a6cd151e3b96ebf1c636, 193
e987ccd44b7972cf0faea159583a85f8, 191
b92cb787ddf9cd08d1c022dfd84747b6, 189
71518c75629c43ef05406639cbdbe4ec, 188
3b1eae500acf69ee1356c8a8f11f2db7, 188
4e0d75d88c9619bf92baaec595b60e2b, 188
099df3dcfb2fc38fe41ee76deedd5333, 187
e75231ece0da0692e265b21d9cf2aabd, 187
9202e4ef065c5668e895d30ba702bda8, 185
84b4dfeaa8780b3ac1c7345f54530b21, 182
8174de68588cfba02189eb90d1d64339, 181
21c08edda2c927680cee3d6c5b81ff64, 180
e6619fdfd5d4d701314d623705fca2ac, 180
fdb6cdc76b71859690dba43ff33060de, 179
35a4c0a1d116fe1c69642e8de682c10d, 177
401325c1162cc1d284d8187c26bb4a86, 177
68a10ae7a1072d6001691a5e3480ebd7, 169
3553bc20ae4d4b30001dc285cca91cde, 168
3b25600dc75ebd9c051859d59ca4ced4, 166
09b3f3ce405798f103d3d59cdb65874f, 166
20bc743fb9c46020f889e037fe542b7e, 166
f2328c688d293717a452c6b404e4a9a5, 165
34d7313c7a4030b68c7b0df3c1444b68, 165
2d353916178d9d1eefb318832eca82f0, 161
6c7b749b6dcbc379f29bb5b91b452d60, 161
fa4fa3e065a4e81aa8174c0416a051df, 160
8b50abcf2c4cec49e39f6de099540f61, 158
d0a12d05ec1c99ce706ea112d1cf03e0, 158
9c0666cbe4bc4c7c89f3fa7fa34baf39, 157
e4fe8cb3998d5d58b37de7abcecd65cd, 157
cbfcbfb58a3a02a6d2f7d2f2a540b90c, 154
2d247c940da4886839828d0ce62faa51, 154
a5f2cbaa80940439b3acd6c56296343f, 153
d221b07d6f330952e70e476d6cf8291a, 152
7c5407bc761ef7e6afe9da6b4857f667, 150
e6a4b8cafa919913adecac59317ebff5, 150
7bf1666bce97f7b3e2aac06e17a0ed73, 149
cd7fd2e1afec5d5b9fd003244113face, 148
2fa251e98fa70568edb1b2abe5232adf, 147
e870875cfe838ba6e3095eb7310e1b7f, 146
f948d4404b77f4a027a53073f67f8247, 141
98a175d0e593efec404066e025c734d1, 141
a62318eaad416b297947ab0fe2b2564d, 139
6d594846ba599221dd181dafc157855a, 139
a0b81cf0921b59332efe313d15e95dd2, 139
682d12779c375541e083cd714cca24ca, 137
86407c321c67e8cf49b8977d4aa55e35, 136
b5869b09cb5588cf2b478b7ff566cdd7, 136
c1a40b1010d74cf6760346bddacc2512, 135
2ede77c578b8e4f83de0f37524913e23, 135
e1ed30abe1b93009caeb80bf1464d6fb, 135
3241b6dc9d6b151d5bc72a87f49ad6f7, 133
52aa5105b4198af061fa27c99b686f81, 132
1303ce7a23aeedbe573f70a6c1aed926, 130
54840c68894dcda9c81da5f43fd06e4b, 130
8601174d58684ecc0c4064d51438d1fa, 130
3515251037a490659c2a2b2daa2770c2, 129
1c8eb888d4e6e94351c8290876a16f73, 129
8ee5a09ff598f2669f37e641048989b8, 128
fc3bc624a370dea13640041913dd1707, 128
2f16835a5899e256fa66ddc96e801f7c, 127
2dbaf2c8654667d895f932d40114202f, 126
8d2e3ac9016c71de9dc9ff78dcbaf2ba, 125
60e1285596b273fe2dcd7edec162d1ad, 123
b1744bbb7ae1791cc915c243f6722331, 123
b0711922d7f0aeabacb0df1036919be2, 123
7d1c781f807d06cb9b9ce19b8a343f63, 123
6cea2ffc77b08014a67eff0a5629125c, 123
b4595f829ef44d79996a7552c6548979, 122
6f3df868d23061bf1f750a7df0c5e0f4, 122
aa013f55feb104d68e8597f98348a4ff, 120
5eea76051650b4737e7ee12f261c99ff, 120
c2ee95d23d9ceed7cf35f4ed3fbd60a2, 119
390d141813e8dd9ef99fb602e111ec40, 119
9f5ac83c895a0ff87e135daccad91454, 118
68b4854a054393bfd57ee2b7bc1370dd, 118
f5380ca69be1fdb859eea99a0a1849a8, 118
aabf73c2d13561f59136fdd14f7ae374, 118
744187baa1e6dea46fe475427a56aa3c, 118
c905c0d05862e4db8b0c684bde68dd81, 117
1cae777f72135e16a654dcc0fb466846, 117
98ce45308b4c60688ee8c2c91689641c, 117
0400d4a26f76b26e26ccd7c20a8efe12, 116
4e7d57ff4a012bf57d523afa113e174b, 116
83d6348be5112cef14768a387f60389b, 115
c5dd115e15d317a674ad1c5c7d19725f, 115
2acc200cac326a4459230e345a13e3c0, 115
e2f3aa61ba5b7620151ee099c1ce53f6, 115
95cd63a59c57e4c2417b2fce1c7a10ea, 115
6896b16d930eeee890095f450a53bfe8, 114
ad4574f7a9843976c0e163c42ca62025, 114
798d4b75f830f1704b3e0b046b3e56a1, 112
9b3f43025ff71a72efa2e5ad6e66a583, 111
3c489d9c41ad4f0ebdbe5886b96a96d6, 111
5a820717275a1ab1d1c867442bd39f07, 110
946641c4bb873b69abd280adb8329062, 110
c20a609e94d1546d5db00637660a44e6, 110
09187e81f83c549568667c208f8114a8, 110
bbd41667e317ab3715bfb93ddd020f56, 109
2e472f1ffa51a76d54f6ac5a0d03230c, 107
4215c13e2b14764d9c58adea47bfeca1, 107
6788ff79cdf355afb9320644096d6c38, 106
fc5b29f5865b45d4b1e530143520e281, 106
9085ccf2500a1a1f4d1d3da80487ea8f, 105
f0c2a0f73702be4ced1d2030f75d18d1, 103
168dbcb28b698b0af27acdfbc757c020, 103
925416a30e95c64155c13c6b7c85531d, 102
4ac039f4050d288c2062369885cdbdf7, 99
1a170f3ffdfde0902c6c02a6427f6344, 96
9753ea60f8f2d0778224da8624fa22d4, 95
17b23fa79e56f8b108a197fa91eb2e67, 94
f3c48f400615d92854e3f42066fe5f64, 94
02592c0f83efa2fa1a8fdfd6ec2726ea, 93
7e6ad4d86346cda570871247dd48399e, 93
b1dbc75851752fdc501b1d09ab0c8830, 92
fc8a3a13f9ce734f13e81f2a779501b2, 92
afef64bd2cdd1d87e1f8b865923f3886, 92
dcffe1595dd480e20e8766b4e18de4da, 91
ebf30c1b0427f7b7cba340ba25ea24d1, 91
832da6dd0bdc6ac486989f30153e1a60, 90
7ed040ccb70f844966ea99ae87859d3b, 90
42cecea7385a88ae861b4f2966325de4, 90
794d1dcfe8080ca4ba95af17a4829194, 89
8adfcc1ff7ce5b510210cdc99d9845d8, 88
d0103f6e5e8afcbefe8597965b1375c4, 88
2ab931e598734409a27daaed2f730c63, 88
6762794abab57c5412e76461612b8308, 87
977aa7364e6bf8a141e66c484d9b9310, 86
33cb14da70fdd56eee8eaa998d5ace4c, 85
f77e7319b10d7645f3fd9b2a6f59d31f, 85
711dad091978bd7ed1a9baa52dba7d5c, 85
fcc07bb2e0e2d5dca740e9fcc69dd2f5, 85
8ffc81054e835855f37503ce5c5e278d, 85
7b71c57583ab66ef138990d3a46d9f08, 84
c8beb5630b7169e7ec3f9e55e68addb0, 83
aa40255cf35d4e6464ab3a33cb9c21e1, 83
5bc4bb6c06b96ee31728d77a913905f3, 82
c6b67eef739d5a7fbb079c2344ac0613, 81
51dd86b3b2c94cccd7fce7fd4be4dd37, 81
2c1eee5827f62bdde856a8854e260315, 80
0533fb6d2d1e028e261e5bb2396f9347, 80
b379df7572bc5dc3f0a13c26488abff1, 80
e76ed2f8c1efd674555f3cb7c31247ea, 79
f25eda1ff38f6f04555c12606c5192d3, 78
5b2d0fe97c42bc687416f372db52d58c, 78
245a8283ee5b2c72d93c7ab4275399c2, 78
c5777b017243721f701966c6839ba482, 77
ba3a8a2dc7374d07f590d52d349d8989, 77
202eaaf4bf320d9e98308c22d3daceb1, 76
901ea7c2f757f9bfc6e5d7171b6fa32c, 76
dd111cad4b29cded645c6936a819c3cd, 75
599395c012947df3d02572d5c1280dd4, 74
42fc9511cf6d5df545f736223ade3475, 74
998df052d553345d2c1400ea2e64035c, 74
5f7abf7ec6ce3f5d567e39f767045a02, 73
c922f3d01c1ed091519ca22b7df7314d, 73
cc6226d822f2986ec803ce23a8bf9b40, 73
9435fac58ded07fd09b2b9528bdaf84a, 73
0c92e6653ded47eb1f571e8d49364e50, 72
8751dce43fa51bc838343353cbd6556f, 72
8832074a79bb516eb20d2e62f68e1af5, 71
b81877e975ecf35ed0dc6391d6bbca25, 70
ea10e3b68b7639f63bff131f9583b1f6, 70
32caf958172457cee5d1a49e3362e411, 70
fb61fec28d96bd45cf9624dd05071c4a, 69
a96173b92a3eb38218502d06531e4d6a, 69
f08829902a040eeb6c9b30b5c39f20e8, 69
8c39d0256e814226e6671008cdf950d3, 69
469853d15a6d6ab8c6faa4a1fca75356, 68
4d08c12e9108452752b84f69f1f70952, 68
983601d234f4642239ce143ca8164baa, 67
3da591522d64273d80b97aab190df3fd, 67
ea9432a521e67b8bdc98fbb95031fcc9, 67
40f1ad4c8f58e603ce912135bee0f748, 67
c4bc4a25d873619a55a0ebf247793401, 66
818506ff129c64b37084afd0cc2eceda, 66
c3630b7bbc14bae52f611b900144965e, 65
74a04f9099cd2dd82ba90281c1055e4c, 65
a524491f11e8cb5d120dddae967172f8, 64
70532838f65d3b2d1ac10fc05e3ec128, 64
dc17b17aca503ac405e48eaceb137cf5, 64
3af770d2d36f5b67c0b64a67a044157d, 63
2a7c2b0913149df7d8399885565002a9, 63
4fcbf05345cd1de22e9d9186d7df4594, 62
04545c0186dd5d5450b0639d01a76296, 62
b2fb6e9399ca369dc78ad9ea03c41d40, 62
a886b661991f38a664716866630f7f58, 62
524df11ab95f4ddc95deb7674355b37a, 61
9d35743e8fc447be149b201bdef6e26a, 61
78fc30f9c23013212c4eef52dbd9d227, 60
05b3b5886aece90fe6a3041f484969eb, 60
cfbe5d1093cfff7ccc7ec499b383a17e, 59
51f1814195f5f37cf5b536820659ed2b, 59
df074a073d26c74c4bffa078a0d494ff, 58
8e306a539a415874c5e8595bd34fe742, 58
c3dbaeffaad012924378aed8dbcd534a, 58
de69773d031afaddb49eaa9f2f75ed59, 57
41c118269848548f1b9d0824d4adf24c, 57
6a164581a5b659d6cfff922e61f71785, 57
9640e1b8bf51551c5b12472cbd1581c2, 57
41a430fd20e9a23fd5426ef94574ec02, 56
2f21587238a633fdc3326397ed876def, 56
23817ac86012fe9f13597a2546c57639, 56
aa38352f6f5ca92c4664bc9e6caeb657, 55
4afe33303b5ecbb4ce593bcedda39b09, 55
2a90a111edcf2d7d8244dc803b3ec1a8, 55
73334933132d12058aa66bc83ccde4be, 54
62d6e9828bfb6dbff2178631ca777b80, 54
79c5bdcf8c3e75cba76d0131870c034c, 54
de21df4baef97f76d424860f7252cab3, 54
9b0b3b84e93b05c2b0bc13fb9d979541, 53
98ef94d867fe07f280e9531142997dd6, 53
739571cb698e357c8218f7bd59e966d0, 53
9a74a2757343fef37e44fa30e849f326, 53
f8cbab2caacb2b41c2da0d5e87baddd7, 52
5ba6a2f8a08375405c461837876db945, 51
d31538a9369f9f305d61787cafd94488, 51
2cdc5a13436aa472e65c3d9074998d9a, 51
a3f66faa903b78bb5f7c5999ab914da4, 51
c9192d156f8cc3a92263c1d2ba09366c, 50
7702a1a6fc37b7ff252577d25b6a9262, 50
fae2347d0f4153dadba3a9c5111ba7b5, 50
fad9bf543943b798b338549c1e13cc9f, 50
52f3e72a92732a83f4faa43ea113c81c, 50
2ee60c79382fa055ad3853bba9c52b10, 49
c4aeaca6da42c20a6b0f5dd705d0fac5, 49
54a0e9fa39355925b9dbbb33f1d31832, 49
d4d19ce30f3440193c432b4e42195606, 49
1990784756241295313aefd039172d3e, 48
07cf1909ed39d879c7734c3567e80071, 48
010ca82b740d9b0f4133f92bedab1741, 47
e2c03d500fc1459442767388c910c3fd, 47
87a70e24777660359497eea8d282fcbd, 47
ee78dfa4ccee4b229c296e8648f293f3, 47
2525dae75477f4db7b4dd3eab974acda, 46
da205d8294063c9f41fbcc585c0dbad7, 46
c428a3602289a397e5ad3daa3d9dce4d, 46
d968b5d97fdb9d9fa7ee030cc54a9f27, 46
07b7814830c7d4162f84d50963f4bd77, 46
25b40e3dba3204f803bc1fdc92cdc193, 46
ddf87ecf87e8067956434d1c6be04e88, 45
2c4ad875f96284194c53e69b2e0c1ea4, 45
cf88f51c966c4efbdd40199ed27e2483, 45
897ed7b822a2866bda79cb64915bda7b, 44
75bbc08736ec97a89396da63522d8a01, 44
52808e3b6f74146b78424e238453b11b, 44
bf3ad1f7735154c0e2fa39a996381a35, 44
fd1a7451b27c36a8fe7a08d20734a85c, 43
30a93ef242b36f460e11933cc200da9d, 43
2292c9db7f5953ccb22ff3ec0120ec17, 43
3836eca9c527141dbb6acda2dca0e84c, 43
4d3ea64312eee983ca0b36e0f066c170, 42
7e951bb2092b583a5bbb1a281be5e3ac, 42
0816b9c5b66c93bae37d40ed8139e2e0, 41
2fa32d6b4595268d5f8752c24febd8c7, 41
42afb7b962664254a622b11a33569fd6, 41
73af276440d19f8c01b9bfb3e0c185c1, 41
4723986595fd12a2f18d2c9b98a3225a, 41
cdad04cc5960b8c6fb36115411a5f3f3, 41
d8a34533e7aeb103dfbe48f815f47984, 41
2e2f7e2c14344d2886f489cf59e7a10f, 41
688c90930767d28ff48d3df8dc141dc2, 40
cb3774c651b449189772fc92b1e19f88, 40
517e64bc598afde1f8faad29f284a11e, 40
a38fbd853569d87f9716b2ed225de63c, 40
be2f0303350bac6bf6adf8a35f9669b8, 39
6f20c198075aff41143fc9b8e5a84832, 39
231552b79190ddbedb9dff19feca17b9, 39
ba148bc12afa8b24ae5074cb35bbb325, 39
80c61bb1bce36d89d78b827f4122dad7, 39
073183595573f92a454b22de301533fe, 38
4d573297df7255cc896e53b4a8a614ff, 38
e9c71fd1f6692df157a3d36ee5fc312f, 38
19f8d6fde99d63d07beeeec916e2de2a, 38
77b2f803d19f732b07cee666c0c90685, 37
0d6b7e238cc9325a2d2108ef6e526ecb, 37
c8a41e962e4b0ee25aa368dde354e1e6, 36
bfad3f84a1cde17219ba659cfb3d1706, 36
22d7bb8fcded02c3e923631fb0772621, 36
c36464dbe7e3c2cd7a8b2d8a39c7fdf2, 36
9bc5e209c0ae5a6cab62c6c7bf9f8579, 36
78878365408d43b1d4cd96cb57ab096f, 36
ecbaa306a5c9c1d5ae108e601c14a3b3, 36
3096861be372360b4d2b9daa30b73ab7, 35
b2345bc1db2976c39838737c15e8182c, 35
59c9d007efcedfb278ce6513596a8749, 35
929185b427b8094ff1e102a7f39bbc01, 35
a6492292048ac7ee263ba720bcad95dd, 35
7f4cb26bb1464ec1da5859fddf4f84ea, 35
ff6d64660cf1810eef63b5cdbbc513f1, 35
c7d08e0ff17192ad5baf6f58e3dac5c1, 35
44063267f8f612803b0d789cf0f97c4c, 34
5fd5a6190fa0f169a422091f83f7cbed, 34
c5472784c8fafaca3dc8a0096a0e3b65, 34
88c5be68ce0054ab743f67d2c17b5a0d, 33
e54872502ac94d8ab234f8416219853f, 33
8f139a082f4832c08ecea1a48a3cca13, 33
7e72677263a1a4fc02e7f0e0b3d0a333, 32
98737cb8ef93ef2e37fe14ef2e690958, 32
99d7f5030353c4e344f87f13a5003fef, 32
a239e8d38e8fd6253c75584faddabdf2, 31
f25455589718f79a2718f48d999e6617, 31
fee7e86e454cd23b5efac7fe41eedfde, 31
c154d3158aa5d30e3ae16424ba7a34ed, 30
0bbc146f192695be1ec4095e977c91b5, 30
15f33edd6d7a700f8ce681752adabf2d, 30
48da047d08696d08af8fd033ddf06bfe, 29
637897790a9d97ec0d1e50c1247892cb, 29
79359839da9714e1b37a93eeb1c1a6d6, 29
46613501ce55d8d26c196ca5d24f6dde, 29
20289c02cd80db867b0ce8b71ac9e489, 29
174397e05515bcf47b922416fa9ca6da, 29
c821cbb2901b1049325d48c6cf2447ad, 29
891a8fe4efbc81dc475d156f8234ce69, 29
a10923f8edf06c5b778f6fd6ed593470, 29
033230cfa3992d8c006c9efd6b1faef7, 29
9d3627458ba45410909e83e847fcc4c2, 28
b3604a01776928c983383d75a2875529, 28
a44b22aa8a968e26dcb722d1032a7751, 28
3f250ba899a99d6c35a57e797809905f, 28
65594f51603ebc3373e1a02848bf8ffa, 27
aa1c6db1ff97f9569f96c87c61968146, 27
8c8372f014f782f57661236e4d9cf7ed, 27
ab6f20d9dbceb6d3e4e5e02301c612b4, 27
ee12337f3bb8e51c11a490cc5648d5bb, 27
34564e40836eeedda12fa7c1f854dca9, 26
875a6966af67b318ef5af930fdd5c869, 26
da1691adbef6796a23a5c208d0c73a9b, 26
1f1527e04814a95ee04743529f2cab1e, 26
cb1a6f35899c48a6efa2f6b60578db9e, 26
f1369bf0a89ef2510387cd6a869d7ea4, 26
f91d85bbf29a1af3a92ddb9284e0aba4, 26
883a78bea1075ef1cb6d1620163973bd, 26
ca97552b52f6cb3a94c30a22974efb2d, 26
64301883ccd155b46dc6e97f0161379c, 26
3c52433502d1114967ba2eb7000b2233, 26
24e7feab8bb78cb8ea800613111093f6, 25
c5137e5661f398c133f7ce46d7f223fc, 25
df9d29ca65b821e19ec88a3ae5a83130, 25
42305d7d2308f50abe01c81fa49ed102, 24
6b4b0e1faa6312b2a0688430e568eadb, 24
ecdfca17c0df99499831502d00bc01d6, 24
92965503f6c02043165a2b8352247b5a, 24
47ee46f4527fcad45039afd4d6a51616, 24
bf257e8e0e50e63349e7ff2cc6200667, 24
007bc6aefcae9216a6f02cfc3f8b17e3, 24
d8d60c79b276ed533fb567bac5e07f04, 24
e6afa0102c839dca83ca4b913d6b3d1e, 24
bd885bc5a51d3f01c0a08a8bf95eabd0, 24
b247fb6b1a6a4ba2f36dccdd97910272, 23
09e249684b9c9f7d20536ac9816593db, 23
f17107f852aedb289f485908bde16c7d, 23
027245e2bbd78615b35d2e7160145206, 23
72a19fa6b270a22add0f51d19d1ad9ed, 23
a2d9cb6e7b78c1310d543672a9ed4de5, 23
d4750933fef6331b3c46c6c7e7de8d89, 23
18011333acaf3ecfeaae1548a8b18beb, 22
9c83fe7e0f4c84db750cb8b43bb57a21, 22
d4cea9e39a47b5cb012b1abf2efd8b79, 22
1ba3d6af89ef10de4e5939be82012080, 22
5b17bd4ad1710387cc35e9646b44982a, 22
a31cb530a8ffd6bb99a0bfaeb503589d, 22
1611899cd08cf4b9482e56610b4925b1, 22
8081a7a80e1d3761dcb2e5f86e7ae1b9, 22
21ce6e47a4bc9436553f9e7c6421350c, 22
0ba49e4bbdb635e8d6eaf60620d2b625, 22
1c3c95791208b8208f52c1aaed838ab6, 22
95f123312e26256db6fc6cf05088350d, 22
d44f89330119e0f31f31e63e782912b9, 21
512e91ad3fcea40f735cce5ddf84ac2c, 21
0e617897c3a35cf6eb4d6ac5c7b198f8, 21
5d6babd5407b776ade6519ca942ba145, 21
96a6efec46465a9f7d2e8aa42db44a88, 21
4e915567a7fedc9b942576466a3ffd33, 21
8ecacfc0bad71689e6132a58b80f3783, 21
e1eafdc6178bbd261516fbe9dce9c072, 21
d75a1730d4287d22e4eb4ce5131eca75, 21
cdce333dc93edf4241099843f956664c, 21
d351d2c361654bcb5de958c4bb1de526, 21
b708ebc1b595d5184545b5ce8ae52fb6, 20
64ff3477f3dfaea4e016453a2ab6a122, 20
75eba740deb1825181b08992b98cee5b, 20
9e63252d706fa43e167ebeeb6914c2fd, 20
537723fa9cd8c33f62367b0d109921bb, 20
5d52cc480b7687c7df591a41b2971589, 20
c43dfc6a61b15151069690666125ad41, 19
c62812b084f50b65580591641c7e97b0, 19
9e62343c695ca5e34727b0dc52110f61, 19
4aca126d568a1444ed89fcdeb8c93bc4, 19
786b692c5d2cb23c07cbcae6187656bb, 19
a23b9dccb2eedfd79f0b888fd7210860, 19
8ccaa3a16823a42e2b0e7110606a266a, 18
3a086a1ee884d28721501f7384fe8582, 18
fd214c1f6db64fd206be0c0c85bffe34, 18
740fd0a0f18d1252642b895ffa8790fb, 18
32f38394ecf05d758f32889aef580060, 18
dc2d5780a72d4233f44f08a55d69435f, 18
fe9bad6fe2edfed919b2b2f39931dfb2, 18
7e1721f0ac6b4f75655e2f99271273dd, 17
87202176aa4dd59c3b3560858f9a855d, 17
5e7747fff54b0749f9cf135d3c506c56, 17
b00af939326f229c2fe0cf0e84d14c5a, 17
a567942f68d6fbbd531cf3803b56dc98, 17
290525612d1121f78f3e430c53c08268, 17
44eb4cd3de9027cfb4f7d02ef678fa8b, 17
b8177666494a406ad2b72d21b70511be, 17
a365774517786dd9191f90d700af8c3a, 17
a6bec73c4643dbaf9dd3347340994457, 17
2d57e3bba3399d092b1d0a1d6c2abab7, 17
1eb5db3993a4b58980136193301e5859, 17
76e5025ea4e440e33135aadddf2a11a8, 17
36a767416fc381060307c804b43e5dca, 17
8f6785fa3197405ee52e3cfa1f3929a4, 17
3c0de586c494344e386fc0e02e648d4c, 16
10bce8b8c8221ef5da29dfe6ee43b3fe, 16
a1ff2ec54164c371f8932b6f4b4b5f30, 16
4d5d4ee6c0ca285ee681053017846d48, 16
7a49ee0ae055ad24879022f803a580a0, 16
d284cacc8634c9a5e65adb4a83f14942, 16
585260c81e67af635c7379759ad6a7bc, 16
45dc66cfe197bdbd75fba1b119adc214, 16
7665192f3adcfa4630726850fa8be640, 16
8cba914207ed7d70ebbacfd71a921697, 16
50bb01a25b2120664e815e5f2720e752, 16
69c84ee30c4dc2eaa5c9976c4f707827, 15
2f81d1d24551312373f59044c77038d4, 15
bf9910a017a062c7d359d6072bdfd6a0, 15
290d7f0b43db3e18a3a57f11f84a951e, 15
37fdcc3f9952d3a13987389fb8cf9a07, 15
20d2ed27cd77a1932668317172bfc948, 15
26847c38954d9fb2212b21083205b441, 15
edcc149a2a8d6269690380ff436aabf6, 15
c763b8c1fe512ffb7cdac76798db5503, 15
f5600cb03eb88a544a06e319f6bfce4b, 15
681149fd4c9a18983a4cd4da6f8c23d0, 15
ac705cb7862674379c74bb1ee65b3a09, 14
1c6474eea6149f0dfc08c097b2bdd8c7, 14
c00608d4cdadf5cd3498b88b63c0d65d, 14
dd05d8db6802f484f8cd79a96e96663b, 14
6e671da6efa1a0c97f7c76b570fa4c85, 14
c4b469f893062313a9b1e0cca103dac8, 14
89135944fd67dd031901b2f92c52d133, 14
e9b2b37ee5f84b097978e095a689d5a0, 14
6850841fd8ad9389a896826afea76b1c, 14
d4dce9803a8a84a6f1426c35ae906357, 14
aa81b954b07768074f88fdd228388c85, 14
d15d1fc33a9d218a3389502199e090a5, 14
53054b43d2e24feaf76efdcf30e94057, 14
d88afa05d4ff61f233151e3fb2e28166, 14
8ba68f423262a47c7bbacd7d519de3cb, 14
7440ce77921899b0e5a8cb028b0116f6, 14
70e8ebbbeecbee9d8f0c78c962268c0f, 14
f96a6a795052cc623878c2d93f772216, 14
1694a3a5ab2cbcca358c8eb706367ccc, 14
acb25c5c635d67c81d8f34a82c8f08b5, 14
47e0d08442fb65f41b1b7777cd64d021, 13
b35b4fca6fd621b50eb2a5f2fe0a40a0, 13
adc4c1424d9beef5880471b0a1b47833, 13
569ff7c9750f778e03640b3e89f46f01, 13
f101f597cb13d9eb04e0c596196ec689, 13
99455035911accb30fb4f25709ef4f18, 13
b146dbea4e934dbd13354963e87830eb, 13
705490bab14ef7c0ccf1267e4da2befb, 13
168788513c6d6d525ac5b81a464517de, 13
3b5bf285c613a02bd632f39da8b26907, 13
c7272846761a1cd8dc07a9457ead2b05, 13
c18d44be834c7e74a3162f2b6e2095af, 13
dbc9dbfb463581c4b5d67c2b218940d0, 12
926217b784f4262b822d6c7363ba3189, 12
122f626d99f53e203e02ec9be39f31de, 12
5299da30c25d8a3a3616d22c8e2375cc, 12
49b1e577fcf3d4e91f0165482f37029d, 12
dd2145bd59e211f3f065eb0c3ff4212f, 12
62e6399c2216b8ad14385990bf1a0f3d, 12
b7b5688feee07ec4c418af0bf914b360, 12
71c64d43135e4233977c4e035fddbaea, 12
6ea2bdbfff9d816fd457d76f252d2bb6, 12
bd9a36a65ec75c59bcc357df4f584046, 12
f69bb6f83bdb4a82bb755e73845d87ec, 12
3d6f51c36e74dabd562e318e1a727390, 12
e3796511d89d9fc42cd0e2d95a8018a8, 12
843d87e448f7300403cae52dd6b738f8, 12
02ce22e5b0fbbadbdbd6bf679094306b, 11
541240ff5a526e8ba368c41f8c205763, 11
371aadc01e0062d56c832c2b7307f901, 11
6dc57d990f610bfdd4035622a2d04939, 11
29661280814bab6cb2fa88a793a6f3c5, 11
ad217e1e59dc884bec24efea019b5f06, 11
8bb8e63b72ed3d71c8c999669f23c51e, 11
fdfc1f6728a98e26b865f37d4fb64fb4, 11
74fc56e764bf937a637c81dcf64c4583, 11
cb2fbca3bb7fdd0346472f80f14371c7, 11
cbbcf6ed98ee8dc844a578ebbe40ab88, 11
1625dfef9bd8f13f7537ce2c8dfcf5ea, 11
00e9370bccf744c931ddb2eaa5ace55d, 11
95957e372568f26c82485cdc1af82497, 11
498badce208d925921baa590d0f1bcc0, 11
69fc52fceecc36b8c3a847a8301ec5a2, 11
158a8539b779a097e54a9e5d05bc0951, 11
64ba4fa69193e5ce96cf58eb6874c6d3, 11
8dcf53b5dbfb9f0e7cc399051dd28847, 11
d9e0d5453d3b23c741f5aabf2feecf20, 11
535f31c5a770a1870c410e1784d9d9d3, 11
7823a533ab603f26e456ea8e32c8acf9, 10
29e0985a6959040efa3015eab3e171d8, 10
5e76869d48820c865fd8bbe6af06e1fe, 10
1847318cd4dd2edfcfc0cb6254009af9, 10
adebc8ccdd32477495820ed27bb7cff4, 10
8e64d224530e5027162d209fd1d65d76, 10
7052a65a2111c2ad15233a026cdae347, 10
696393cbace46cf3a4484863c37eaccd, 10
ce9490a58960f6ceb39edce15e8e6ada, 10
c383fab6cbd0bb240e5ff813d6e02b91, 10
43e1666e85353097102e16ab70361212, 10
74973d3737aa97ebd51a9299fd8b6472, 10
9a76010db637e9ddb9c61c68ea8c336e, 10
b135b1e5b1eb8c9488cc37f2697dffad, 9
6c3aa6810bcb5e967724256b86768507, 9
24495b2ceb1f5f1271892ca6b8563528, 9
77f2ae79bdf56196affe45b449ed436c, 9
69d2da948f684bf3a13a439e4de9ba32, 9
312d99142ef8c6a91a9a2d177b6bf85d, 9
b7eeba05c857c75ea7584e48dde1c944, 9
75129b59435b226bde3682bddf028cb4, 9
b2b8e71f880ea4af86798a47d51d3f99, 9
6e39c734931f27aa5f2372531915eee6, 9
ee09ec5cfec81c74ef0de77444907494, 9
8b1dcf85f344dd4f2fbc4dc4e30b3167, 9
f6b118b00894d866a85db4f5511859be, 9
94603ad7a3cd578dd6f65ce6dcece03f, 9
b1df0376e6bce3c9e6a658eb79e0cc94, 9
7655edd760a8671d5df141571f9c52b1, 9
cfaf8743ee4ac8781f851f48f368284e, 9
05a0f6003b350282d2d80da7abb2f764, 9
e85b17fa3d512b7be2d6469a30e486f1, 9
37a5f4eb37fe11d849c8483ada23ae4d, 8
890ae5c2071feffe0e925a83d9f6d4c8, 8
ce3645c68ca67b99f1b87ebe36239282, 8
5a0eb3ba8340e2a16ee214298ab27cb0, 8
6b01cf1eafaacc330c891a7bf91cc86b, 8
e43b645b591222ee2f1bdc7aaa3749ee, 8
b66bee3b79d7d594d8b4a4f66c322bc0, 8
d3c72845211300b616590fdd6ad24abd, 8
a4d9ce73d7bf618be494677a6ef98129, 8
5a56c16562051f84bd8d11c3d6dbc2fc, 8
b2cdbc4bf75ecf08745901bd38a4612f, 8
ad255814ec2b28132a52b6821167102d, 8
7d69947914244a1c4f27a693be70f4bb, 8
1b9a4eadc89c05e795c2311a812c72a3, 8
1ae6888b906aeb65483ba09898e51b5e, 8
3eedad7542006fc026aba9c34ade8201, 8
7f8fa4c7387b8884cccc08559718ba68, 8
a8e916deb1471e2d6534eb105f952480, 7
4a5f6239c153b8859f0e1c090a983409, 7
64d572fd79d3b03409aa3afa03c18cfd, 7
46546ec4b7e63a50acca416449ef3df7, 7
d2572c4c83536f4cee3de2617270a2fd, 7
759084c169fb9a27bea211b6652bed92, 7
7f76de3e29adad3f8bd4c0a77a6115d4, 7
65fe8173b806e6d2d74ad3da29b43164, 7
16aa16d437460fd56e0952c81c3b2cdd, 7
5d59b45c5612525d06819f4fa9c6d5ca, 7
9ed87ce24da7d47700922846f2ab3a43, 7
7da0a8d23d85ec3f4c281a93432b6ac6, 7
c42dece17eccda3f3a119f7f259beb10, 7
ad01c3a8ca28b0ac2e56c1d5b5d04d33, 7
031361d0b07a7a61f960084975c68650, 7
5c182fbc0bb7ffd455cfcc888a3412a0, 7
d349e3a128343ab00c1a3d357785bf57, 7
a8977605d5bdbc207e26e7eae3653974, 7
ff0a161ef878b484f13fd039930faec7, 7
3d373a14bd75d1ccc009d9628423c0f1, 7
c8de49ab53d6a65dcb06c55db137fa28, 6
c2b38d80369d87eb37cb8de4dfd54897, 6
6793cfafaf447ffd3750a7e3c538704e, 6
f929a29b6f4c966621ae413620f06872, 6
95b864ffcba56b38601fc8ef33fc532e, 6
007b2370c1e4dc333538febef6b7a47c, 6
23eb0c513d08f6ac4fd21580bbb5129c, 6
f4253bfc9772592483029de8aecbd3dd, 6
a6d2857a257526480f3096b4ce0eb8e5, 6
d83db7b3f4a4c495dd711a3608dd003e, 6
9db00d7db9b5fc0e029ea8984482aa55, 6
d3d3ee761b26d1467ce9cb7420a4bd2a, 6
50b11b7cefc255584cc0fa213aff00c1, 6
4d816da0fe9c2d08a02469875da8c285, 6
817834dd9f63f279fa96ad06d54ece4e, 6
c06e8ac7dc80ad2ee54f4f6dc6ac7904, 6
fb7c1376d685e2cade35bdcd0fd3f662, 6
a961b2f31951114da5b4f32064003fb9, 6
a5460b28b4ba926054fd351612868123, 6
450b5b282b052e3fdff5ec4ff42bd268, 6
d8f418a16119fd92ba1792c2fdb3fcea, 5
094bb3ea5546879245213d4d62389efe, 5
deb926e944b9426ad3e6cf27760b0b20, 5
1562e0605f6476118e0d1799b6504289, 5
8fa4804a61b14d1c2ad6513c73f38df5, 5
608b60ad7084fdf4d95ca7d614b21e29, 5
186950bec1335c706834a0b5f31602eb, 5
6991bf2f14986def539625f2c34dc87a, 5
07a0fb1659d3e9659fc0d74eb4371b69, 5
e550e2c30491ee1109782d5783f39af3, 5
34c915329225c9919bf70b333225608a, 5
7633e8e5f8a22dc0dec4782f392c525c, 5
cd3739452162d4885218ce71e6817f64, 5
4f995192fbc70e015060d34ab13fb28a, 5
a370fc5874e2953dbaf65f8d31483fb3, 5
d7150e685ffc840a3b582391a1766aa4, 5
5f5f1813da0219bd2bd1db918fc21686, 5
bca07da7095313ee869c6bfe2b08a35d, 5
2aa9918e90bd201ecb7868de2ccb2f41, 5
bdb87a93446bd009ac90dca0c2595908, 5
27becce911b157211590c9b939ea1274, 4
906d6db5390da40d5a7c5e0d722cee98, 4
90625fc69a6a43f03eb01c2f88f3c2b3, 4
a9a038286cb15d7bb1f6e0fe64701989, 4
4ad9f88f8127efdf80946a931f57b4b3, 4
7b18a1629432fbc7006a494476b74901, 4
4dad0dabf18ba94f461fdcf430e411a3, 4
157819c7da623eb967c27cc42b00652c, 4
277666cdddc78beb8ab2125fa94efe27, 4
3a6e5a14c4498aa96d4a5354f2b48c82, 4
48a3c4865cbc221e5d4a94e9d82d692f, 4
f67aec4d51aac221bec2dc1e3e130e14, 4
c7b937f015b5c9397a5dbeca430bc658, 4
9e187bb985d7f528343e0a4f5db71389, 4
478a831047c7a537c80c0e5a2a9c91ef, 4
09f65e3f565bc0d8e5f92bff4b182f3b, 4
a35b6851c4b9cd79dd2cb79736d23646, 4
e7214e8d2131ccc3e6e6b448ca833c13, 4
2966f7c3f2ecb7f686904c1efe00216d, 4
966173b40e7e4a1bff5563f0d6f17478, 4
823a98d714b943cf5e6e0f7bc1c3b664, 3
696614071364b10ebb8e7ed858aedcd0, 3
747a0dbde984c4ce80cd93195286ab52, 3
c055e6b16c58e0ff7a1ab606cf1069cd, 3
f8bd342f911aec93c1b99a125585c109, 3
cb89146f5b6ccd20099ebf9f7dab52ce, 3
fe6d99b6245f3d81283349be2edb53cb, 3
175ed0862d73bd7576cd4f125cffdc16, 3
f6c1c6eea7e0eb4ad969ef4b2d3c7aee, 3
c77a0f640aba2e43f7de7d73871c947d, 3
3115c9d1170eae902f1d8dd198cf317b, 3
43d49be828bf5772968a4e9601a22713, 3
1ddf597137cd7a61dbdc7ecfaa8a0cf4, 3
e5a4e190bf9cbd83082fe29464d113df, 3
53d405059824bac5c67c8484ed5b7338, 3
98b64302653f05b1275ad265a2cf11b1, 3
ba342b88627ece94d73cfea383524e43, 3
b6a2f9154b68a5dbeec5c3a4ade15847, 3
6d2b048086772cab18cd58df684b1191, 3
2c2c142024b5a1b7a1715d3b514decc7, 3
337b0671e6a81171f5ebc9b0035210f9, 3
86678c9e8a6ca85f78a36c958da12609, 3
2102d7f025a91b0efa42fd48262f9733, 3
d9978b4662af03a1741cde2f7ea8d65f, 3
bef523e73d5d93420585ebd6babbb77f, 3
8a5cb236e53491eec0afdc319552ee82, 2
fa5f0a866b951fa041f303a4a509eeb8, 2
6fc38188973526bb10c999b8c5818955, 2
75ee642f87397ffe68801ea70d31ecc7, 2
2b8af70550188cce5efab2b51aa459cd, 2
f028e3e16ebd4b5b982e1a44e89f5417, 2
2447a42600cd1783633afd2c73436327, 2
e28f666d7cbabbde1087f873d1081363, 2
65c1e7c917aea40bf021fba41af0580f, 2
95538d1128f4ddabcdc66b3b9e07c95b, 2
38a948302058aa726d892469d1384c34, 2
0a33931344965ce0f1721e840a67d187, 2
36215d8999ba6ba711a79be1d43783ee, 2
c18f01b531e4b31c0951382b52cb4586, 2
2eab0eecab3098db7b7de501cc93ed8f, 2
6beaecf571eaeed32a36e8c961f49efe, 2
d33169a52a39b7aab90e1f1f5ca6b385, 2
799d113f1afcf46a4d4e3ddad348e678, 2
9f7b84159bf2604ddbbafdd3f5d5edd6, 2
42df70bb8c0b94e15e54bf013938caba, 2
6fe9c014107b0180c443a070bf29e560, 2
ad2bf50c24adacf07b5f96c2fe8470ea, 2
a7b7b0dd9c58264f0a69cb28fe9bc06b, 2
438bfebaf7fd4c215b5cfa83f45ce412, 2
c78e9b54197f675be03b541a16919e1c, 2
1e2930356a83ad2990c27154e0607797, 1
c24fd69dc0e7215e4b52a7b05e8cb3d1, 1
d27bbbe01b5315592debc9ac6936d7a8, 1
d6b4aab769249635eee07e9351e16dd2, 1
dd6284bcb9310d564879aed083d70edf, 1
c08d1118deb0667854a06f6920d13c6b, 1
70f1212b8a2f5676e65b2b1397d652cb, 1
7564a04735c4aab7604d9c5ad27d0ede, 1
a8021b2c8dc65a7fc113287381505d08, 1
b0cd6df59b7ee84602fc3cb465c74a4d, 1
547543e7665d32fc134b27692f53430d, 1
